10;1114.3;1388.2
20;1049.7;1388.3
30;997.11;1397.1
40;1109.9;1370.2
50;1064.9;1367.5
60;1106.6;1375.4
70;1094;1380.4
80;1099.7;1353.2
90;1082.2;1369.5
100;1073.9;1379.3
110;1060.2;1382.5
120;1079.2;1380.2
130;1091;1390.8
140;1094.1;1392.2
150;1070.7;1368.8
160;1089.1;1389.2
170;1072.2;1342.7
180;1094.1;1348.6
190;1062;1352.8
200;1073.1;1373.4
210;1106.6;1375.3
220;1092.1;1361.9
230;1065.3;1340.8
240;1098.3;1374.9
250;1094.3;1385.7
260;1089.1;1380.2
270;1062.8;1357.4
280;1086;1351.9
290;1051.3;1353.2
300;1012.7;1383.1
310;1046.8;1344.7
320;1065.4;1353.2
330;1055;1358.7
340;1061.1;1346.1
350;1031.1;1326.1
360;1059;1359
370;1066.6;1362.2
380;1063.2;1355.1
390;1077.9;1347.6
400;1133.5;1352.5
410;1113.4;1364.4
420;1135.7;1371.5
430;1125.3;1343.3
440;1115.8;1331.6
450;1164.5;1331.2
460;1160.2;1366.2
470;1086.5;1361.5
480;1107.7;1329.3
490;1078.2;1329.6
500;1084.7;1363
510;1066;1381.2
520;1040.1;1352.8
530;1058.4;1373.3
540;1079.7;1362.5
550;1074.5;1341.3
560;1078.7;1316.5
570;1066;1355.7
580;1064.9;1361
590;1092;1365.3
600;1101;1362.1
610;1111.7;1392.1
620;1081.4;1360
630;1060.2;1355
640;1063;1357.2
650;1051.9;1357.7
660;1083.4;1364.5
670;1071.5;1358.1
680;1127.2;1371.6
690;1099.8;1334.9
700;1103.9;1345.7
710;1089.7;1360.6
720;1053.5;1349.1
730;1094.5;1342.8
740;1111.7;1366.9
750;1109.1;1374.3
760;1122.5;1365.3
770;1107.8;1359.1
780;1109.8;1317.5
790;1123.5;1344.7
800;1081.6;1351.8
810;1117.3;1340.8
820;1079.2;1323.1
830;1082.9;1306
840;993.24;1343.1
850;1008.4;1356.7
860;1021.9;1298.7
870;1006.6;1322.8
880;993.22;1342.9
890;956.81;1310.5
900;1032.4;1368.2
910;980.31;1372
920;1172.8;1398.4
930;1156.7;1365.1
940;1148.2;1371.3
950;1129.2;1370.1
960;1126.5;1377.8
970;1091.6;1391.5
980;1119.4;1354.7
990;1148.9;1353.2
1000;1163.8;1358.4
1010;1167.8;1366
1020;1162.2;1359.9
1030;1112.4;1362.2
1040;1166.3;1345.2
1050;1138.1;1305.3
1060;1157.8;1362.2
1070;1189.3;1341.9
1080;1166;1355.1
1090;1058.9;1377.9
1100;1071.9;1364.5
1110;1084.9;1372.9
1120;1074.9;1373.7
1130;1031;1364.6
1140;1086.8;1337.8
1150;1087.3;1355.6
1160;1077.1;1343.9
1170;1081;1336.8
1180;1032;1334.6
1190;1041.4;1351.3
1200;1033.3;1326
1210;1056.2;1322.5
1220;1044;1330.9
1230;1018.2;1313
1240;1052.8;1340.8
1250;1091.5;1318.5
1260;1047.6;1304.8
1270;1064.7;1324.9
1280;1051.9;1349.5
1290;1050.6;1324.4
1300;1058.6;1310.6
1310;1046.8;1336.8
1320;1054.3;1325.7
1330;1028.3;1370.3
1340;1010.3;1324
1350;1027;1277.7
1360;1019.8;1360.5
1370;1024.1;1304.9
1380;1026.8;1239
1390;1020;1304.7
1400;986.89;1315.3
1410;983.23;1331.9
1420;984.99;1334.1
1430;1023.9;1301.6
1440;1010.4;1252.8
1450;1020.1;1344.1
1460;1006.8;1291.4
1470;974.91;1338.5
1480;1013;1298
1490;993.08;1320.8
1500;997.77;1334
1510;1030.2;1360.3
1520;1025.7;1338.9
1530;1018;1325.1
1540;1040.8;1370.6
1550;1047.8;1343.4
1560;1058;1322.3
1570;1063.7;1328.2
1580;1057.5;1341.9
1590;1037.8;1327.3
1600;1088.2;1366.2
1610;1085.7;1367.5
1620;1085.3;1353.2
1630;1093.2;1377.7
1640;1068.2;1231.5
1650;1057.2;1352.2
1660;1070.4;1333.1
1670;1057;1308
1680;1074.8;1328.7
1690;1072.9;1369.9
1700;1075.5;1288.7
1710;1126;1314.9
1720;1115.4;1306.1
1730;1138.3;1340.9
1740;1128;1356.6
1750;1126.2;1343.8
1760;1104.9;1348.4
1770;1085.4;1364.5
1780;1067.7;1329.5
1790;1067.3;1319.4
1800;1070.7;1353.5
1810;1097.9;1311.7
1820;1140.1;1372
1830;1034.3;1357.8
1840;1048.6;1355.9
1850;1074.3;1348
1860;1117.6;1379.2
1870;1152.2;1343.4
1880;1086.4;1336.6
1890;1094.9;1370.1
1900;1102.5;1379.3
1910;1145.9;1384.2
1920;1069.5;1333.2
1930;1153.1;1340.3
1940;1118.2;1346.6
1950;1136.5;1341.5
1960;1126.4;1323.2
1970;1120.3;1372
1980;1117;1388
1990;1110;1366.5
2000;1118.6;1368.8
2010;1044.4;1368.1
2020;1049.7;1401.9
2030;1086.8;1400.6
2040;1051.3;1392.6
2050;1021.5;1383.8
2060;1006.2;1383.2
2070;993.93;1401.7
2080;1158.1;1396.5
2090;849.25;1381.2
2100;863.15;1356.5
2110;899.69;1349
2120;919.47;1369.8
2130;903.03;1373.6
2140;884.55;1326.1
2150;902.59;1355.7
2160;1013.4;1349.6
2170;987.78;1320.2
2180;964.64;1312.4
2190;954.29;1347.8
2200;988.94;1374.1
2210;952.7;1380.2
2220;985.92;1351.9
2230;912.9;1374.6
2240;843.33;1371.1
2250;1160.1;1347.6
2260;1163.6;1393.5
2270;841.41;1397.4
2280;1158.9;1368.8
2290;1195.9;1382.3
2300;1175.1;1350.9
2310;1075.4;1372.2
2320;1057.6;1362.6
2330;1119.6;1391.2
2340;1114.1;1368.2
2350;1120.7;1400.9
2360;1028.7;1391.1
2370;1043.1;1389.6
2380;1074.7;1363.2
2390;1091.5;1329.5
2400;1052.1;1380.7
2410;1077.3;1360.3
2420;1057.9;1396.6
2430;1054.8;1402.4
2440;1071.7;1398.7
2450;1120.6;1343
2460;1102.8;1377.4
2470;1100.5;1388
2480;1032.3;1323.2
2490;1042.8;1377.5
2500;1054.1;1392.5
2510;1073.7;1386.2
2520;1067.3;1406.1
2530;1097.5;1332.2
2540;1135.4;1306.6
2550;1136.2;1389.6
2560;1069.2;1350.5
2570;1052.2;1376.1
2580;1093.4;1376.9
2590;1075.5;1357.4
2600;1101.8;1408.9
2610;1113.2;1405.1
2620;1123.6;1390.7
2630;1143.8;1410.1
2640;1051.5;1348.2
2650;1102.3;1363.5
2660;1087.8;1368.4
2670;1100.1;1366.3
2680;1097.3;1372.6
2690;1072.4;1377.3
2700;1164.4;1391.7
2710;1151.9;1377.8
2720;1086.5;1402
2730;1161.4;29837
2740;1194.6;70063
2750;1358.6;71678
2760;1407.9;54609
2770;1428.7;48930
2780;1376.2;66431
2790;1450.6;61930
2800;1496.8;44750
2810;1557.9;57560
2820;1367.8;53188
2830;1394.3;45880
2840;1345.9;44833
2850;1379.9;33064
2860;1325.2;42749
2870;1310.5;26239
2880;1394.3;40614
2890;1509.8;32865
2900;1453.9;47401
2910;1462.1;29873
2920;1500.5;32864
2930;1195;33255
2940;1471.4;37052
2950;1201.2;1343.1
2960;1193.3;1359.5
2970;1165.9;1355.3
2980;1202.7;1340.5
2990;1146.4;1379.8
3000;1166.5;1360.8
3010;1189.7;1375.4
3020;1194.8;1358.6
3030;1213.1;1366.6
3040;1201.6;1386.9
3050;1206.1;1403.5
3060;1191.6;1397
3070;1226.1;39280
3080;1314.8;38813
3090;1422.9;36830
3100;1569.1;33258
3110;1201.4;1453.3
3120;1814.4;41182
3130;1492.1;28524
3140;1413.9;18671
3150;1496.8;7959.5
3160;1210.6;1379.7
3170;1208.6;1395.2
3180;1143.5;1411.9
3190;1149.1;1423.8
3200;1164.8;1413.9
3210;1127.5;1426.1
3220;1160.2;1432.2
3230;1148.8;1435.8
3240;1171.2;1411.5
3250;1167.9;1419.2
3260;1197.5;1401.2
3270;1201.1;1370.4
3280;1179.9;1419.4
3290;1210.9;1417
3300;1219;6835.3
3310;1224;6205.2
3320;1388.3;6763
3330;1348.8;6959.5
3340;1382.7;13427
3350;1436.6;14857
3360;1463.9;23241
3370;1461;18690
3380;1583.7;20488
3390;1495.2;8676.9
3400;1503;23162
3410;1478.9;19117
3420;1539.7;23892
3430;1416.3;25192
3440;1490.1;23804
3450;1478.7;26432
3460;1632.3;15647
3470;1460.5;19508
3480;1884;30866
3490;1713.2;31159
3500;1754;25571
3510;1500.9;25332
3520;1756.8;36123
3530;1560;37097
3540;1490.1;16224
3550;1378;18515
3560;1492.4;27523
3570;1463.7;30238
3580;1485.6;23816
3590;1311.3;31120
3600;1381.3;19684
3610;1478.2;29717
3620;1510.4;27463
3630;1547.1;32615
3640;1594.1;37292
3650;1507.3;22296
3660;1607.5;24154
3670;1638;24440
3680;1597.8;21546
3690;1787.5;26631
3700;1656.2;36157
3710;1787.2;29538
3720;1805.9;33478
3730;1816.4;25043
3740;2019.7;20793
3750;1805.1;21982
3760;1928.8;21742
3770;1827.4;34726
3780;1882.3;25769
3790;1995.9;25468
3800;1921.1;19574
3810;1825.2;20847
3820;1834.2;13902
3830;1689.2;17137
3840;1979;24763
3850;1927.8;25646
3860;1964;23652
3870;2283.5;23221
3880;1966.7;31810
3890;2165;22068
3900;2074.9;27257
3910;1922.1;31976
3920;1943.4;25796
3930;1904.5;16174
3940;1859;19413
3950;1801.4;18017
3960;1755.7;18989
3970;2073.5;20082
3980;1871.4;20344
3990;1958.3;15216
4000;2073.8;17863
4010;1995;19041
4020;2024.9;17411
4030;1948.5;19261
4040;1912.5;13987
4050;2006.1;15239
4060;1874.9;19083
4070;1914.7;17149
4080;1960.4;16880
4090;1913;20369
4100;1969.8;14205
4110;1919.1;22977
4120;2307.2;18083
4130;2094.4;15669
4140;2105.5;19150
4150;2127.6;22881
4160;2173.9;16808
4170;2275.4;14111
4180;2384.8;16464
4190;2232.3;15621
4200;2400.2;12527
4210;2204.4;16575
4220;2247.6;14556
4230;2251.1;13597
4240;2181.5;14402
4250;2293.9;14102
4260;2188.5;13314
4270;2106.3;15629
4280;2428.7;12883
4290;2311.4;12099
4300;2142.2;11693
4310;2061;15971
4320;2389.8;15393
4330;2498;18089
4340;2703.5;15340
4350;2113.3;14381
4360;2205.4;14308
4370;2075.5;13559
4380;1919;18478
4390;2152.4;13655
4400;2035.1;16763
4410;2262;15044
4420;1938.2;14017
4430;1897.9;15184
4440;2025;20656
4450;2248.4;14402
4460;2118.9;17991
4470;2539.4;15898
4480;2152.3;16895
4490;2094;17897
4500;1764.1;20948
4510;1910.5;15975
4520;2364.4;12246
4530;2071.5;14811
4540;2510;13378
4550;2110.6;11140
4560;2059.1;12864
4570;2067.9;10070
4580;2031;16269
4590;1907.7;11548
4600;2246;13970
4610;2196.1;17358
4620;2834.7;13452
4630;2597.6;16120
4640;2416.5;12449
4650;2275.6;15625
4660;2715.3;17698
4670;2607.7;12828
4680;2350.2;16008
4690;2169.6;18865
4700;2309.8;13968
4710;2188.2;14846
4720;2239.8;14744
4730;2330.8;13945
4740;2101.3;13586
4750;2256.6;14758
4760;2261.3;13264
4770;2133.9;12798
4780;2359.3;13181
4790;2456.5;13519
4800;2363.6;12023
4810;2297.2;11406
4820;2222.5;11420
4830;2383.5;11464
4840;1954.4;9735.5
4850;2079.7;9266.3
4860;1945.6;9259.7
4870;1883.5;8259.3
4880;1965.4;12002
4890;1769.4;12279
4900;1940.1;10317
4910;1768.4;14949
4920;1787.6;11907
4930;1808.7;10616
4940;1851.3;13401
4950;1881.6;11539
4960;1894.3;11184
4970;1951.4;11169
4980;1815.9;12932
4990;1832.9;12553
5000;1879.7;12720
5010;1863.2;13912
5020;1681.7;13059
5030;1830.3;10842
5040;1658.7;10237
5050;1991.8;10132
5060;1609.9;11499
5070;1500.3;13976
5080;2490.3;14580
5090;2254.8;12180
5100;2264.4;13318
5110;2290;12100
5120;1983.2;12874
5130;2114.2;14772
5140;1902;12503
5150;1837.2;7418.8
5160;2135.6;12583
5170;2081.2;8484.3
5180;2320.4;14238
5190;2096.4;4802.5
5200;2134.2;11457
5210;2180;12318
5220;2193.5;14719
5230;2200.7;13351
5240;2089.3;13281
5250;2077.9;15198
5260;2002.6;14705
5270;2076.3;12227
5280;1829.5;16297
5290;2400.1;12327
5300;2215.1;14768
5310;2230;10925
5320;1966.9;13162
5330;1900.8;12105
5340;1927.1;12244
5350;1380.9;13701
5360;1859.5;11485
5370;1819.9;12429
5380;1723.7;14055
5390;1813;11153
5400;1951.8;10488
5410;1966.2;12521
5420;2084.1;14692
5430;2077.1;19585
5440;2166.9;11632
5450;1962.4;10836
5460;1954.3;12769
5470;1830.3;11890
5480;1605.3;12216
5490;1834.4;12569
5500;1589.4;15478
5510;1842.4;13306
5520;2025.5;11727
5530;1994.7;11725
5540;2197.1;12287
5550;2077.5;13060
5560;2303.9;13931
5570;2185.1;14310
5580;2149.5;13029
5590;2214.9;11298
5600;2244.4;12469
5610;2275.6;12261
5620;2296.5;11968
5630;2107.7;13587
5640;2060.8;12084
5650;2241.5;14900
5660;2212.8;10111
5670;2249.1;12362
5680;2296.1;16077
5690;2145.2;13865
5700;2278.8;19604
5710;2199.9;15538
5720;2168.6;11551
5730;2487.3;17257
5740;2324.1;15355
5750;2269.3;14719
5760;2141.1;14591
5770;2214.6;14455
5780;2138.7;14244
5790;2119.6;12545
5800;1794.5;11885
5810;2017.5;10334
5820;2039.8;12089
5830;2016.4;10919
5840;2073.4;10445
5850;1998;8203.8
5860;2044.2;9385.5
5870;1768.8;10604
5880;2054.8;10857
5890;2023.4;10117
5900;2126.6;11403
5910;1920.1;11034
5920;2023.7;8632
5930;2128.2;11968
5940;2060.8;9188.2
5950;2013.1;8641.5
5960;2071.2;9909.5
5970;1236.6;7797.5
5980;2138.5;9833.3
5990;2197.9;9338.3
6000;2135.6;9472
6010;1669.6;8939.5
6020;1770.1;4221.5
6030;1802.2;9909.1
6040;1842.6;8615.1
6050;1790;9981.4
6060;1830.6;9606
6070;1781.4;11815
6080;1772.9;11931
6090;1797;10656
6100;1925.2;8552.5
6110;1928.3;7969.4
6120;1937;8605.2
6130;1811;9938.5
6140;1830.5;9352.6
6150;1879.1;9749.7
6160;1683.4;9202.9
6170;1841.8;11925
6180;1836.2;13133
6190;1549.2;9612.1
6200;1872.6;9574
6210;2057.5;11304
6220;2128.3;8626.4
6230;2082.7;9229.4
6240;1902.2;9679.8
6250;1869.9;9069
6260;1869.7;9423.4
6270;1916.1;12139
6280;1779.9;9010.2
6290;1710.9;9494.2
6300;1909.9;10865
6310;1857;10988
6320;1768;13810
6330;1827.6;11127
6340;1963.7;11645
6350;2099.1;8728.5
6360;1960.5;10274
6370;1870.4;11587
6380;2071.2;10805
6390;2143.8;11462
6400;2065.7;12664
6410;2053.1;12129
6420;1921.3;12835
6430;1977.8;13332
6440;1806.2;16094
6450;2023.2;12291
6460;1838.4;10118
6470;1775.1;11311
6480;1829.8;10415
6490;1684.4;9423.3
6500;1924.4;10179
6510;1625.2;16013
6520;1737.1;13800
6530;1840.6;11576
6540;1838.8;13870
6550;1854.9;12322
6560;1866.2;13234
6570;1822.3;11869
6580;1997.2;15911
6590;2054.5;13719
6600;1778;14199
6610;1490.7;11146
6620;1885.8;13456
6630;2005.1;16186
6640;2128.2;12635
6650;1974.4;13342
6660;2082.6;15142
6670;2025.3;11913
6680;2050;13811
6690;1572.2;12466
6700;1326;16080
6710;1671;14771
6720;1561.6;16420
6730;1730.9;16406
6740;1711;11043
6750;1584.1;14262
6760;1667.8;7688.8
6770;1640.7;11480
6780;1752.5;13332
6790;1785.9;10856
6800;1614.7;10525
6810;1763.8;10038
6820;1785.8;13002
6830;1920.5;13901
6840;1793.2;12746
6850;1858;14335
6860;1865.3;10326
6870;1854.3;10910
6880;1803.2;12331
6890;1931.5;11570
6900;1924.9;11971
6910;1857.8;12811
6920;1849.7;14274
6930;1878;14387
6940;1846.4;13446
6950;1793.7;11715
6960;1831.6;14759
6970;1992.6;6382.1
6980;2100.4;11533
6990;1736.8;18508
7000;1817.9;17086
7010;1860.4;15500
7020;1974.7;13908
7030;1669.2;15093
7040;1665;18823
7050;1614.9;17933
7060;1692.7;22038
7070;1670;22794
7080;1649;21920
7090;2103.1;14279
7100;1648.1;19879
7110;1715.5;22495
7120;1758.8;24994
7130;1642.7;20521
7140;2150.8;15560
7150;2016.9;22155
7160;1905.6;19023
7170;1965.3;15272
7180;2011.3;10164
7190;2073.2;16045
7200;2091.4;22742
7210;2049.3;18321
7220;2174.1;7976.1
7230;2077.9;15631
7240;2047.3;19506
7250;2036.9;17376
7260;1908.9;14937
7270;2039.4;14620
7280;1826.2;16221
7290;1822.2;17273
7300;1860.2;17564
7310;1866.4;19535
7320;1890.1;17732
7330;1869.9;14496
7340;1876.2;16485
7350;2013.4;18768
7360;1885.3;19218
7370;1932.4;14796
7380;1924.7;5828.5
7390;1705;18375
7400;1812.5;15961
7410;1979.2;7404.9
7420;1905.8;16616
7430;1867;9559.5
7440;1845.1;7576
7450;1852.1;14518
7460;1872.7;12836
7470;1916.5;9683.5
7480;1925.9;17141
7490;2199.6;13108
7500;2231;10410
7510;2131.2;11865
7520;2287.2;16357
7530;2092.7;15575
7540;2145.5;10855
7550;2084.6;12035
7560;1993.7;10983
7570;2024.9;12087
7580;2036;18397
7590;2014.2;11953
7600;1888.8;13013
7610;1995.6;19320
7620;2040.2;9621.9
7630;2042.4;12110
7640;1906.5;10663
7650;2011.4;11419
7660;1994.8;11191
7670;1941.4;11302
7680;1983.3;11391
7690;2008.2;13187
7700;1979.5;10104
7710;2034.9;10996
7720;1960.4;12637
7730;1887.6;11447
7740;2020.2;11744
7750;2141.7;9672.1
7760;2073;8604.4
7770;2180.1;9524.1
7780;2099.3;7855.8
7790;2168.5;12197
7800;2168.8;13285
7810;1982.6;11904
7820;1840.1;10972
7830;2083.5;13343
7840;2056.6;10748
7850;2050.1;11541
7860;1896.7;11882
7870;1877;11199
7880;1906.5;11543
7890;1950;9213.6
7900;2038.5;10589
7910;2059.5;9416.2
7920;2026.1;10517
7930;2082.1;9545.7
7940;2025.6;9442.1
7950;2104.8;14486
7960;2082.5;10280
7970;2018.7;10123
7980;1897.7;11806
7990;1359;9468.5
8000;1923.7;11656
8010;2145;11989
8020;1820.6;11440
8030;1871.6;10922
8040;2008.7;10461
8050;1854.1;11549
8060;1921.5;13190
8070;1353.1;12119
8080;1567.9;11873
8090;1623.6;10884
8100;1629.3;12586
8110;1978.7;12862
8120;1985.9;10958
8130;2108.3;13046
8140;2094.2;11790
8150;2066.7;11718
8160;2205;11719
8170;2067.7;11829
8180;1953.8;13993
8190;2071;11557
8200;1976.7;14926
8210;1843;15680
8220;1870.9;13158
8230;1863.2;13775
8240;1710;15293
8250;1828.6;10245
8260;1764.1;12146
8270;1571;10862
8280;1583.7;14250
8290;1709.4;12463
8300;1751.3;11121
8310;1742.4;11676
8320;1826.7;12068
8330;1861.4;12388
8340;1800.9;10098
8350;1753.5;7124.9
8360;1715.7;12345
8370;1766.9;7921.6
8380;1752.2;10119
8390;1738;10908
8400;1829;10037
8410;1746.3;13323
8420;1844.7;12835
8430;1724.9;13031
8440;1772.7;13207
8450;1841.5;8498.4
8460;1595.7;11721
8470;1453.1;14415
8480;1529.8;9184.3
8490;1472;14759
8500;1311.1;12951
8510;1287.4;13462
8520;1466.3;11983
8530;1499.1;14142
8540;1470.3;10354
8550;1612.8;11895
8560;1849.5;11601
8570;1536.4;12583
8580;1463.4;12633
8590;1544.8;9954
8600;1482.8;12344
8610;1476.2;12105
8620;1453.3;14333
8630;1597.2;9046.1
8640;1661.6;10590
8650;1523.2;9383.9
8660;1547.1;14388
8670;1529.1;10125
8680;1648.2;12837
8690;1725.8;8893.5
8700;1760;8948.4
8710;1703.4;10372
8720;1700.1;11753
8730;1670.5;13106
8740;1544.5;8983.3
8750;1744.5;8905
8760;1640.3;9739
8770;1525.5;11310
8780;1570.3;11460
8790;1504.5;11092
8800;1778.9;11778
8810;1777.8;11235
8820;1753.8;11213
8830;1752.4;9866.4
8840;1664.9;11618
8850;1504.8;12587
8860;1547.7;9218
8870;1574.4;10219
8880;1710.5;11744
8890;1715.9;10783
8900;1802.9;10683
8910;1865.6;11348
8920;1867.9;10700
8930;1948.8;11470
8940;1671.8;10822
8950;1747.6;10367
8960;1815.9;9553.2
8970;1441.1;10344
8980;1607.1;9791.4
8990;2087.1;9476.7
9000;2320;8199.9
9010;2251.8;7122.8
9020;1714.2;8411.5
9030;1766.1;7761.3
9040;1726;9441.4
9050;2133.4;8801.6
9060;2278.3;10135
9070;2070;8961.8
9080;1778.9;8569.3
9090;1747.9;7631.5
9100;1691.9;8900.5
9110;2414.8;8037.2
9120;2320.8;9166.7
9130;2205.4;9784.1
9140;2168.8;9497.6
9150;1482;9481.9
9160;1530;9001.5
9170;1511.2;8328.5
9180;1705.2;9062.5
9190;1709.9;9256.8
9200;1676.6;10007
9210;1750;9912.5
9220;1736.4;9023.8
9230;1148.7;12129
9240;1968.9;11174
9250;2007.5;10718
9260;2049.7;12411
9270;2125.6;11982
9280;2118.3;9379.1
9290;2225.4;8451.9
9300;2142;9899.5
9310;2199.4;6761.5
9320;2155.5;6673.3
9330;2162.8;8035.6
9340;1425.3;8964
9350;1392.5;9219.5
9360;2259;7379.6
9370;2185.3;8658.4
9380;2166.2;9698.6
9390;2013.5;6687
9400;2135;8053.7
9410;2023.2;8361.4
9420;1836.8;4743
9430;1718.3;11426
9440;2068.3;10219
9450;1506.9;11021
9460;1579.8;9451.9
9470;2125.5;10399
9480;2153;9075.3
9490;2066;10705
9500;2179.5;9643.8
9510;2043.3;7247.8
9520;1812.1;11492
9530;1792.4;11240
9540;1647.3;11608
9550;1671.5;9184
9560;1339.6;9990.9
9570;1772.3;8406.9
9580;1665.5;9571
9590;1742.4;9912.2
9600;1698.2;10894
9610;1643.8;9619.1
9620;1533.2;11403
9630;1715.9;9907.4
9640;1427;10141
9650;2137.3;9399.4
9660;2101.8;11092
9670;2178.7;11957
9680;2088.4;11191
9690;2119;12512
9700;2233.2;10616
9710;2073.6;10255
9720;1904.9;9724.4
9730;1827.2;9595
9740;1802.2;7838.8
9750;1758.9;10673
9760;1767.9;9010.2
9770;1774.4;8068.6
9780;1869.7;8836
9790;1791.7;8062.8
9800;1604.5;8224.5
9810;1545.9;10010
9820;1802;8190
9830;1942.2;8079.2
9840;1871.8;7304.6
9850;1271.1;9464.2
9860;1374;8385.5
9870;1294.9;8871.9
9880;1238.8;8106.9
9890;1120;9623.1
9900;1359.4;7603.2
9910;1435.9;8497.5
9920;1232;7821.6
9930;1391.6;10015
9940;1456.6;5582.5
9950;1107.4;9915.9
9960;1407.9;10262
9970;1338.3;12648
9980;1447.3;9125.7
9990;1427.5;9639.2
10000;1260.2;11735
10010;1530.6;9468.2
10020;1433.8;11799
10030;1400.4;14936
10040;1301.6;10740
10050;1391.8;11042
10060;1593.6;10214
10070;1564.3;12150
10080;1900;9360.2
10090;1533.7;8653.4
10100;1511.2;12215
10110;1406.3;12202
10120;1423.6;12560
10130;1498.9;12146
10140;1531.9;10958
10150;1476.7;12153
10160;1430.5;12415
10170;1692.1;9683.6
10180;1739.6;10916
10190;1695.9;10867
10200;1780.5;9599
10210;1840.9;10398
10220;1771.9;11576
10230;1899.3;8701.4
10240;2126.5;6973.2
10250;2009.1;8599.7
10260;1767.9;9345.1
10270;1822.4;9446.5
10280;1971.5;9623.9
10290;2106.3;7444.2
10300;1818.5;8976.5
10310;1859.8;9099.9
10320;1778.9;8563.1
10330;1897.3;8595.2
10340;1897.3;8212.2
10350;1836.3;8466.8
10360;1876.8;6228.5
10370;1977.5;6759.1
10380;1639.4;8345.4
10390;1561;8426.1
10400;1320.1;7508.6
10410;1602.4;8688.4
10420;1956.6;7322.9
10430;1618.7;7892.2
10440;1404.7;7955.2
10450;1447.4;8188.3
10460;1472.2;10038
10470;1594.9;6886.5
10480;1629.7;8217.3
10490;1626.9;7643.1
10500;1722.3;7307.9
10510;1613.6;9943.4
10520;1868.5;9582.9
10530;1645.8;6995.8
10540;1750.9;7187.8
10550;1689.4;7929
10560;1804.1;8841.5
10570;1826.1;10097
10580;1604.1;10509
10590;1817.8;11097
10600;1794.6;8877.7
10610;1809.7;9289.8
10620;1485.6;10067
10630;1877.8;11185
10640;1940.6;9025.9
10650;1913.6;9222.4
10660;1455.6;10177
10670;1915.8;10025
10680;1919;10575
10690;1582.9;9469.7
10700;2091.8;8895.2
10710;1565;8480.9
10720;1514.5;9059.6
10730;1946.3;8357.8
10740;1752.8;12188
10750;1875.6;9685.2
10760;1807.1;9834.4
10770;1751.7;9185.1
10780;1752.4;8256.9
10790;1429.5;10965
10800;1389;12683
10810;1749;10106
10820;1747.4;8987.2
10830;1796.4;8884.9
10840;1727.8;8345.1
10850;1713.4;9185.5
10860;1646.8;8875.7
10870;1697.3;9930.4
10880;1852.5;10705
10890;1692.4;8649.8
10900;1688.7;9121.8
10910;1573.8;11343
10920;1572.9;9001.3
10930;1385;6821.1
10940;1583.5;9148.1
10950;1601;10769
10960;1455;8790.6
10970;1577.5;7394.8
10980;1552.4;8114.8
10990;1504.3;7390.8
11000;1654.3;9123.7
11010;1629.9;9529.3
11020;1614.8;8317.2
11030;1640.1;7811.6
11040;1838.1;7278.3
11050;1617.6;5736.3
11060;1745.8;7108.2
11070;1697.1;7451.2
11080;1782.9;7162.6
11090;1752.2;6957.4
11100;1856.7;7676
11110;1749.9;6696.5
11120;1524.8;7825.7
11130;1712.4;6722.8
11140;1649.8;6557.9
11150;1244.5;8179
11160;1443.7;8578.2
11170;1439.7;7876.7
11180;1266.3;10478
11190;1269.7;7790.7
11200;1567.6;7631.5
11210;1719;7505
11220;1773.1;7649.4
11230;1741;7564.2
11240;1637.9;9417.4
11250;1804.7;7538.9
11260;1580.5;7513.2
11270;1793.3;6849.7
11280;1884.8;7770.1
11290;1801.9;8021
11300;1884.2;9258.1
11310;1823.9;7056.7
11320;1892.2;6951.5
11330;1612.2;8727.1
11340;1659.8;7265.1
11350;1563.1;8367.9
11360;1394.9;8029.3
11370;1502.4;7443
11380;1501.5;9022.7
11390;1578.4;7195.9
11400;1340;8232.5
11410;1656.5;8384.9
11420;1732.1;7450.5
11430;1736.9;7062.7
11440;1327.5;7943.6
11450;1644.7;7935.8
11460;1611.1;7474.1
11470;1440.1;6915.6
11480;1579.4;7103.3
11490;1511.3;8401.8
11500;1551.7;6821.3
11510;1532.6;6587.1
11520;1586.9;7828.6
11530;1583;8385.6
11540;1283.1;7700.2
11550;1569.4;7259.6
11560;1480.4;6993.1
11570;1551.1;8332.4
11580;1515.4;7547.5
11590;1601.6;8091.2
11600;1558.6;8625.9
11610;1675.4;8419.6
11620;1455.1;9649.5
11630;1627.6;7453.5
11640;1566.1;7401.8
11650;1617.8;6823.8
11660;1484.6;8117.2
11670;1519.8;7218.6
11680;1513.2;7769.6
11690;1530.9;7562.9
11700;1532.3;7832.5
11710;1539.8;6744.3
11720;1505.4;6613.5
11730;1378.8;6777.4
11740;1570.7;7272.4
11750;1583.9;7040.8
11760;1649.1;7233.7
11770;1617.2;8171.9
11780;1520.3;7633
11790;1581.4;8432.7
11800;1545;6117.8
11810;1598.5;6947.8
11820;1600.6;6582.8
11830;1596.6;6297.5
11840;1787.8;5984.6
11850;1729.4;6721.7
11860;1772.9;6238.8
11870;1759.2;6031.8
11880;1817.3;5831.5
11890;1657.9;5425.2
11900;1748.2;5410.9
11910;1759.3;5548.7
11920;1751.6;5885.5
11930;1766.6;6325.8
11940;1767;6480.9
11950;1757.6;5252.1
11960;1862.3;5417.7
11970;1794.4;5499.6
11980;1755.7;5570.8
11990;1837.1;5545.5
12000;1741.4;5984.9
12010;1771.8;5911.3
12020;1815.4;6248.2
12030;1793.4;6878.1
12040;1667.6;5702.2
12050;1743.5;6448.9
12060;1515.5;6465.2
12070;1525;5778.3
12080;1315.7;5698.7
12090;1235.8;6708
12100;1272;5486
12110;1085.8;6361.1
12120;1248.7;6500.9
12130;1382.3;5851.5
12140;1554.5;6156.5
12150;1502.5;6369.4
12160;1543.1;6920.1
12170;1365.2;6933.6
12180;1538.4;5964.7
12190;1210.4;6678.6
12200;1447.4;6044.1
12210;1501;6025.6
12220;1535.2;6158.4
12230;1537.4;5932.7
12240;1286.5;7667.4
12250;1506.8;6281.5
12260;1402.8;6503
12270;1514;6916.7
12280;1509.9;5599.5
12290;1514.8;6091.3
12300;1385.6;5447.9
12310;1384.7;6357.3
12320;1573.5;6652.4
12330;1333.3;6457.1
12340;1548.7;6753.4
12350;1645;6650.4
12360;1593.4;7114.1
12370;1542.9;6133.4
12380;1615.1;5747.2
12390;1639.6;6936.6
12400;1656;6532.4
12410;1621.5;6280.8
12420;1604;7104.8
12430;1641.5;8384.5
12440;1647.1;6266.8
12450;1621.5;6120.9
12460;1618.7;9039.6
12470;1725.3;6801.8
12480;1736.7;8208.6
12490;1714.2;7314.1
12500;1754.9;6991.6
12510;1712.7;6493.9
12520;1815.5;6703
12530;1735.6;7071.2
12540;1805.6;7207.1
12550;1777.6;6600.6
12560;1840.9;6885.9
12570;1777;4270.6
12580;1807.7;7233.3
12590;1639.5;6650.1
12600;1721.7;8159.9
12610;1704.7;7054.8
12620;1678.9;7488.5
12630;1741;8220
12640;1795.8;5926.6
12650;1833.9;6919.5
12660;1810.4;5999.6
12670;1804.9;6996.1
12680;1754.1;6212.5
12690;1665.8;6683.6
12700;1794.5;6843.5
12710;1607.2;6934.3
12720;1651.1;7486.1
12730;1764;5643.6
12740;1699.9;6777.1
12750;1616.5;6663
12760;1601.4;6246.5
12770;1548.8;5502
12780;1669.2;5669.3
12790;1656.7;6763.9
12800;1698.7;6355.6
12810;1676.8;6911
12820;1679.2;6798.7
12830;1675.7;6482.8
12840;1656.2;7089.2
12850;1669.8;4267.4
12860;1699.7;6131.6
12870;1688.5;5544.7
12880;1711.1;6722.5
12890;1627.8;6800.5
12900;1590.7;6252
12910;1599.2;6311.4
12920;1670;8009.9
12930;1603.5;6769.3
12940;1551.8;7655.2
12950;1592.4;6662.2
12960;1650.6;5844.6
12970;1609.4;6270.3
12980;1529.8;6788.1
12990;1672;6185.2
13000;1580.4;6060.8
13010;1670.7;6287.8
13020;1632.4;6332.4
13030;1737.2;6445.9
13040;1761.4;6286.5
13050;1661.7;6077.4
13060;1738.7;5493.5
13070;1589.2;6442.3
13080;1752.8;6036.3
13090;1683.2;5216.3
13100;1757.4;5398.3
13110;1638.4;5688.4
13120;1720.4;5983.6
13130;1761.6;5466
13140;1633.1;5956.2
13150;1733.3;6031.2
13160;1766.6;5667.3
13170;1788.4;5674
13180;1817.6;4784.8
13190;1747.4;5552.4
13200;1878.9;5560.8
13210;1666.1;5471.1
13220;1662.1;5376.6
13230;1480;4373.3
13240;1555.3;5657.4
13250;1459.7;5697.5
13260;1475.5;4354.1
13270;1551.3;5351.5
13280;1658.9;5326.3
13290;1527.4;5258.9
13300;1610.7;5096.9
13310;1545.3;4873.1
13320;1579.4;5960.7
13330;1646.4;5443.1
13340;1496.3;5890.4
13350;1473.5;6074.2
13360;1518.9;5878
13370;1507.7;5588.1
13380;1552.8;5477.9
13390;1549;6095.1
13400;1582.6;5868.7
13410;1559.7;6583.4
13420;1505.5;5814.4
13430;1517.7;5938.3
13440;1603.3;6183.9
13450;1583.9;6068.4
13460;1643.7;6469.1
13470;1592.9;5804.4
13480;1574.2;6008
13490;1556.5;6541
13500;1547.6;3478.6
13510;1515;5487
13520;1570.6;5691
13530;1532.2;5536.2
13540;1479.3;5645.2
13550;1503.9;6169
13560;1533.4;5703.4
13570;1497.6;5211.3
13580;1483.9;6156
13590;1605.6;6846.7
13600;1533.6;6141.9
13610;1596.1;5869.2
13620;1616.4;6047.4
13630;1538.2;6162.9
13640;1520.1;5563.4
13650;1501.1;5634.4
13660;1541.2;6043.5
13670;1429.9;5281
13680;1386.5;5190.2
13690;1391.2;5313.5
13700;1446.2;5442.1
13710;1483.1;5595
13720;1493.9;5704
13730;1505.2;6548.6
13740;1585.4;5358.2
13750;1467.3;5015
13760;1590.8;5277.8
13770;1495.1;5623.2
13780;1451.9;5859.7
13790;1526.4;4967.5
13800;1526.8;5605.1
13810;1527.7;5409.6
13820;1506.2;4988.3
13830;1459;5557.1
13840;1455.1;5730.2
13850;1476.6;6066.3
13860;1385.1;5723
13870;1518.4;6005.8
13880;1456.7;5441.8
13890;1393.6;5560.2
13900;1328.3;6085.7
13910;1408.5;5620.1
13920;1323.8;5784.5
13930;1493.6;5539.7
13940;1553.4;5776.9
13950;1424.3;5784.7
13960;1369.1;6449.1
13970;1303.7;5806.9
13980;1351.6;6123.3
13990;1333.5;6480.1
14000;1338.9;5489
14010;1306.3;5206.3
14020;1320.9;5480.1
14030;1416.8;5784
14040;1341.5;4825.7
14050;1330.6;5404.3
14060;1396.8;5526.4
14070;1389.8;5799
14080;1387;4873.4
14090;1466.8;5582.8
14100;1421.9;5033.8
14110;1438.5;4763.8
14120;1441;5386.1
14130;1506.8;6079.7
14140;1436.1;4824.6
14150;1429.6;4994.6
14160;1370.6;5710.2
14170;1380.4;6240.6
14180;1460.8;5751.4
14190;1425.8;6468.2
14200;1575.8;6989.3
14210;1588.4;6430.9
14220;1599.7;6462.7
14230;1686.9;5823.3
14240;1475.4;6216.6
14250;1592.3;6835.4
14260;1449.7;7644.8
14270;1520.2;7298.4
14280;1551.1;7482.5
14290;1605.1;6554.4
14300;1565;7493.9
14310;1540.6;6908.1
14320;1535.8;6396.4
14330;1505.2;6583.9
14340;1321.2;6829.4
14350;1580.4;6130.2
14360;1560.4;6313.2
14370;1414;6615.3
14380;1548.6;6248.8
14390;1624.9;6084.5
14400;1429.5;7070
14410;1651.5;7374.8
14420;1472;7456.5
14430;1568.5;7692
14440;1491.9;7383.1
14450;1565.3;7208.4
14460;1421.1;7883.1
14470;1282;6482.7
14480;1312.4;7218.2
14490;1239.4;8877.8
14500;1229.9;8583.3
14510;1305.1;7894
14520;1272.6;7931.4
14530;1314.5;7388.4
14540;1364.3;7105.6
14550;1382.6;6825.4
14560;1292.9;7744.8
14570;1361.5;6758.9
14580;1345.3;6314.7
14590;1367.6;6873.1
14600;1418.5;6912.7
14610;1398.6;7834.5
14620;1427.2;7932.8
14630;1501;7577.8
14640;1512.3;5794
14650;1485.3;7251.7
14660;1551;7293.9
14670;1475.2;7556
14680;1473.4;7440.6
14690;1537.4;7643.4
14700;1534.7;7954.5
14710;1125.2;7096
14720;1635.8;8432
14730;1579.4;7621.6
14740;1450.4;7851.8
14750;1616;8456.1
14760;1626.7;8606.9
14770;1629.1;8144.4
14780;1570.7;9308.1
14790;1330.4;8592
14800;1560.9;7292
14810;1585.9;8078.7
14820;1665.4;8264.1
14830;1547.1;6699.6
14840;1579.4;6893.7
14850;1550.8;6255.8
14860;1419.5;7698.4
14870;1490.5;8372.1
14880;1481.6;8028.6
14890;1538.3;8296.9
14900;1500.1;7009
14910;1521.5;7915.4
14920;1615.9;8251.3
14930;1619.1;8618.8
14940;1564;8067.5
14950;1545.7;8471.7
14960;1378.3;7088.8
14970;1525.3;7035.1
14980;1608.1;7496.3
14990;1579.7;7311.2
15000;1585.8;8035.8
15010;1557;8190.9
15020;1371.4;7557.8
15030;1476.1;7541.9
15040;1565;6716.2
15050;1679.6;7002.7
15060;1592.1;7338.4
15070;1617.5;8070.9
15080;1728.6;7219.8
15090;1542.6;7917.9
15100;1548.2;8413.2
15110;1605.6;7673.2
15120;1611.3;8192.3
15130;1506.3;8221.8
15140;1428.4;8657.5
15150;1323.2;8686
15160;1156.7;9038.1
15170;1201.6;8555.5
15180;1197.6;6105.5
15190;1334;8172.8
15200;1614.2;8503.6
15210;1537.5;8034.9
15220;1527.2;9422.4
15230;1299.7;10660
15240;1198.4;9823.6
15250;1456.2;9113
15260;1511;9626
15270;1629.3;9467.3
15280;1530.4;8391.5
15290;1668.3;7075.5
15300;1656.6;7121.8
15310;1633.9;7443.8
15320;1690.8;7561.9
15330;1630.4;8892.9
15340;1688.1;8011.4
15350;1628.2;7637.4
15360;1605.5;9661.2
15370;1686.5;8564.2
15380;1563.4;7496
15390;1602.4;7589.9
15400;1593.7;8045.8
15410;1556.6;7508.3
15420;1689.1;7685.1
15430;1689.2;7526.1
15440;1728;6965.9
15450;1720.7;6797.3
15460;1862.6;6392.3
15470;1777;6174.6
15480;1698.3;6150.4
15490;1816.2;7042.8
15500;1697.1;7019.8
15510;1729.7;7755.4
15520;1765.4;6091.1
15530;1792.8;6339.1
15540;1596.7;6579.1
15550;1559;7624
15560;1660.6;8017.9
15570;1622.2;8378.2
15580;1821.3;7792.4
15590;1772.6;7968.7
15600;1792.3;6923.9
15610;1746.3;6978
15620;1622.9;6070.2
15630;1728.1;6554.2
15640;1549;7346.7
15650;1639.6;7243.1
15660;1671.4;6345.4
15670;1855.3;6061
15680;1822.3;7855.9
15690;1841.6;6847
15700;1834.3;7061.1
15710;1524.4;6460.3
15720;1520.7;6151.1
15730;1634.4;6389.1
15740;1515.8;6638.5
15750;1640.9;6272.8
15760;1715.5;7054.1
15770;1478.8;5195.7
15780;1762.3;6280.7
15790;1833.1;5991.6
15800;1887;7596.7
15810;1873.9;8005.8
15820;1692.6;8380.3
15830;1682.7;7568.5
15840;1462.2;5987.9
15850;1537.9;6675.8
15860;1543.7;7819.1
15870;1714.1;6949
15880;1800.2;7113.7
15890;1851.1;6795.2
15900;1532.8;6110.2
15910;1825.8;7169.2
15920;1802;7309.6
15930;1811.4;6958.6
15940;1830.3;7250.5
15950;1549.5;6413.1
15960;1597.8;7380.7
15970;1928.9;7385.2
15980;1901.3;6301.3
15990;1847.2;6803.7
16000;1915.3;7183.8
16010;1846.5;7068
16020;1909.6;6622.4
16030;1883.5;6489.2
16040;1809.9;5994.4
16050;1783.7;6362.6
16060;1816;5677.9
16070;1885.7;6004.8
16080;1749.7;5333.5
16090;1840;7001.4
16100;1889.5;6806.3
16110;1845;6543.5
16120;1827.7;6179.3
16130;1835;5517.1
16140;1573;5910.7
16150;1872.7;5489
16160;1790.2;6544
16170;1776.4;6886.7
16180;1802.8;5920
16190;1671.7;6570
16200;1676.8;6367.2
16210;1587.8;5966.1
16220;1746;6173.5
16230;1964;6396
16240;1958.8;5663.2
16250;2004.8;6328.8
16260;1689.6;6126.7
16270;2208.3;6680.1
16280;2126.5;7168.8
16290;2020.6;8080
16300;1923.8;6950.7
16310;2007.8;7191.3
16320;1738.6;6283.2
16330;1682.3;6021.7
16340;1599.1;6361
16350;1449.1;6315.4
16360;1477.4;7226.3
16370;1350;6945
16380;1589.8;7437.6
16390;1578.2;6395.8
16400;1358.9;6923.6
16410;1450.9;5736.2
16420;1570.9;6284.7
16430;1487.9;7443
16440;1543.3;6806.5
16450;1574.9;6027.7
16460;1617.8;6736.9
16470;1746;6002.5
16480;1500.7;7160.9
16490;1705.9;5994.8
16500;1822.9;6206.2
16510;1646.5;7120.5
16520;1552.2;5740
16530;1809.2;6146.6
16540;1802.1;7667.7
16550;1569.3;8890.2
16560;1782.9;4610.5
16570;1884.8;9219.3
16580;1918.7;7158.2
16590;1881.2;7834
16600;1855.5;6918.3
16610;1898.8;6736.6
16620;1660.5;6262.7
16630;1943.2;6761.2
16640;1610.6;6535.3
16650;1778.5;7648.6
16660;1893.1;6649.7
16670;1776.4;6907.5
16680;1688.1;6208.1
16690;1734.2;5200.1
16700;1878.3;6042.7
16710;1870.6;6127.5
16720;1753.9;6613.6
16730;1808.8;8478.8
16740;1399.5;8087.9
16750;1532.1;8197.8
16760;1536.8;6625.7
16770;1702.6;6849.4
16780;1526.9;6457.7
16790;1531.8;7435.2
16800;1654.4;6996.5
16810;1649.1;6444.2
16820;1127.8;6646.6
16830;1717.3;7129.4
16840;1602.5;6681.3
16850;1655.9;7000.6
16860;1602.4;6386.8
16870;1605.2;7695.2
16880;1783.9;8359.9
16890;1774.3;8773.2
16900;1739.1;7575.3
16910;1766.5;8130.1
16920;1747.1;7299
16930;1744;8187.8
16940;1655.8;8177.3
16950;1677.9;8318.1
16960;1730.8;7918.6
16970;1812.2;7055.9
16980;1872.3;7204.2
16990;1899.2;8912.8
17000;1716;8500.8
17010;1825.9;7736.9
17020;1798.3;7613.8
17030;1710.2;8489.8
17040;1829.5;7536.2
17050;1537.5;6985.6
17060;1461.5;7410.6
17070;1565.8;7257.6
17080;1487.4;6521.8
17090;1615.3;6328.5
17100;1632.2;6216.5
17110;1699.9;5746.5
17120;1728.3;6053.8
17130;1697.6;6732.5
17140;1816.6;7510.4
17150;1878.4;6645.8
17160;1662;6935.8
17170;1745;6363.4
17180;1811.9;5783.5
17190;1691.6;6220.2
17200;1508;6213.4
17210;1594;6554.8
17220;1637.8;6220.7
17230;1692.8;5878.1
17240;1696.4;5746.8
17250;1706.5;5404.6
17260;1716.1;5502.1
17270;1730;6368.5
17280;1703.9;6913.9
17290;1659.3;6798.1
17300;1823.8;6110.8
17310;1905.5;4204.9
17320;1748.6;5900.9
17330;1779.6;6212
17340;1823.4;6195.2
17350;1840.4;6532
17360;2051.3;6892.5
17370;1955.7;5950.8
17380;1979.4;5833.2
17390;2103;5772.3
17400;2166.8;6006.5
17410;2078.6;5894.4
17420;2122.9;5969.8
17430;2203.9;5991.6
17440;2356.6;5981.8
17450;2236;6089.2
17460;2247.9;5883.8
17470;2196;6687.4
17480;2189.6;6159.9
17490;2196.3;6793.1
17500;2077.5;6650.8
17510;2043.2;6836.4
17520;2035.8;5884.9
17530;1777.3;6575.3
17540;1770.5;6139.8
17550;1885.9;5694.4
17560;1936.1;6154.6
17570;1510.7;5724.9
17580;1353.3;5029.2
17590;1599.9;5110.1
17600;1553.6;4768
17610;1639.3;5526.1
17620;1853.5;5920.6
17630;1436.8;5437.7
17640;1643.4;6429.4
17650;1589.2;5545.7
17660;1394.7;6090.8
17670;1523.2;4936.4
17680;1393.4;5666
17690;1400.1;5401.2
17700;1422.2;5072.5
17710;1362.7;5336
17720;1382.7;6703.5
17730;1370.3;5834.2
17740;1376.2;5994.6
17750;1445.9;5584.4
17760;1564.6;5303.9
17770;1748.4;4901.2
17780;1734.2;5485.2
17790;1706.5;5625.7
17800;1828.4;5814.6
17810;1862.9;5555.4
17820;1897.3;6333.5
17830;1886.2;5371.5
17840;2002.1;5810
17850;2126.8;5420.9
17860;2230.6;5886.1
17870;2251.6;5890.5
17880;1947.5;5898.1
17890;2098.6;5985.7
17900;2002.8;5495.3
17910;1937.2;5739.1
17920;1965.5;5742.3
17930;1979.1;5367.2
17940;2003.1;7088.7
17950;1958.7;5790.1
17960;2092.4;5601.7
17970;2006.6;5838.3
17980;1985.4;5478.6
17990;2056.2;6367.2
18000;2070.9;5755.3
18010;2028.8;5956.6
18020;1681.3;6424.8
18030;1862.4;6328.8
18040;1982.1;6759.9
18050;1920.6;6772
18060;1913.6;6858.7
18070;1932.9;6354.3
18080;1849.2;6455.1
18090;1768.4;6756.6
18100;2035.4;6615.5
18110;1822.6;7966.9
18120;1758.6;6580.5
18130;1778.1;7841.5
18140;1615.7;6736.9
18150;1748.9;6763.8
18160;1703.7;6151
18170;1718.5;6757.4
18180;1576.9;7097.4
18190;1870.3;7009.4
18200;1795.1;7871.2
18210;1667.3;6898.2
18220;1983;7589.6
18230;1903.9;8346.3
18240;1954.7;6823.4
18250;1918.3;6925.8
18260;1974.5;6599.1
18270;1995.7;6526.2
18280;1739.3;6772.2
18290;1876.8;7039.9
18300;1921.9;6011.9
18310;1975.5;6891
18320;1952.6;6499.7
18330;1948.7;5941.5
18340;1933.4;6643.8
18350;1875.1;6353.7
18360;1853.5;6681.4
18370;2004.1;6482.4
18380;1986.6;6623.9
18390;1923.3;5803.5
18400;1853.8;5738.7
18410;1943.8;6528.4
18420;1816;6536.2
18430;1488.4;7062.8
18440;1107.6;6331.8
18450;1877.6;6487.4
18460;1951.3;6553.6
18470;1802.9;5630.9
18480;1760.3;5376.6
18490;1976.3;5587.8
18500;1924.9;5184.2
18510;1850.8;5822.7
18520;1815.8;5503
18530;1908.9;6326.5
18540;1996.2;5838.3
18550;1738.2;5468.7
18560;1936.8;5732.7
18570;1833.9;5845.8
18580;1830.2;5515.9
18590;1881.2;5686
18600;1855.1;5116.1
18610;1878;5356.4
18620;1887.9;5350.6
18630;2097.2;5327.1
18640;1886.7;6096.9
18650;1958.1;5317.7
18660;1914.7;5897.5
18670;2001.9;5423.4
18680;1959.7;5630.4
18690;1973.3;5504.4
18700;2023.5;5690.7
18710;1905.5;5934.5
18720;1979.6;5670.3
18730;1956.1;3960.7
18740;1970.7;5170.1
18750;1636;5984.6
18760;1783.3;5791
18770;1781.5;2985.1
18780;1662;6975.3
18790;1788;5885.5
18800;1934;6927
18810;1880.6;7041.6
18820;1627.4;6398.2
18830;1731.4;5943.6
18840;1776;5872.8
18850;1818.8;5591.6
18860;1786.8;5682.1
18870;1804.5;5893.7
18880;1878;5962.7
18890;1822.3;6081.2
18900;1818;5431.3
18910;1872.9;6426
18920;1805.8;5210.9
18930;1871.6;6753.5
18940;1903.5;6609.7
18950;1886.9;6960.1
18960;1811.6;5306.2
18970;1723.7;5700.1
18980;1797.9;6850.7
18990;1800.3;6942.2
19000;1793.7;5934
19010;1842.7;6036.1
19020;1676.8;5688
19030;1826.2;6191.4
19040;1810;5612.6
19050;1573.2;7208.2
19060;1499.1;6281.9
19070;1542.2;7312.3
19080;1717.4;6921.2
19090;1668.4;6108.6
19100;1565.2;7270.3
19110;1665.6;5863.3
19120;1741.8;7056.7
19130;1695.5;6553.2
19140;1709.4;8076.2
19150;1677.6;7254.8
19160;1725.2;6348.9
19170;1697.8;6652.5
19180;1869.8;6323.6
19190;1828.6;6294.6
19200;1765.7;7270.6
19210;1833.6;7686.5
19220;1751;6664.4
19230;1752.4;8132
19240;1785;6241.3
19250;1775.1;7930
19260;1822.7;7253.7
19270;1827.3;7512.8
19280;1789.2;7069.4
19290;1711.1;7152.3
19300;1567.3;5999.8
19310;1684.8;7183.1
19320;1774.4;6130.7
19330;1700.3;6833.6
19340;1722.9;6426.1
19350;1732;6969.6
19360;1797.3;6784.6
19370;1742.1;6422.6
19380;1822;5683.3
19390;1868.6;6991.9
19400;1837.2;7081.7
19410;1612.4;5863.7
19420;1713.7;6276.4
19430;1748.4;6400.9
19440;1748.6;5847.5
19450;1798.8;6287.7
19460;1786;5602.5
19470;1730.4;6145.4
19480;1767.5;6061.7
19490;1659.2;6046.2
19500;1667.3;5931.5
19510;1708.7;5464
19520;1859;5498.7
19530;1791.8;6642.8
19540;1856.9;5953.2
19550;1849.1;6259.4
19560;1855.2;6104
19570;1839.7;5776.5
19580;1947.2;5977
19590;2058.9;6062
19600;2051.6;6112.4
19610;1847.8;5643.2
19620;1995.6;6706.5
19630;1971;6494.7
19640;1981.6;7397.7
19650;1936.5;6317.8
19660;1969.5;5911
19670;2010.8;6716
19680;1947.3;6535.9
19690;2103.3;5669.9
19700;1949.3;6210.1
19710;1981.9;6017.4
19720;2109.9;6301.1
19730;2197.5;6673.6
19740;2299.3;5541.3
19750;2035.6;6564.9
19760;2027.3;5838.3
19770;1891.8;6397.3
19780;1798.3;5783.5
19790;1879.2;6617.7
19800;2015.4;6174.8
19810;1764.3;6327.4
19820;1877.4;6159.7
19830;1682.5;6588.9
19840;1576.7;7027.5
19850;1639.4;8513
19860;1525.9;6270
19870;1630.9;6772.2
19880;1740.5;7379.2
19890;1719.9;5982.9
19900;1498;6616.5
19910;1725.8;6620.6
19920;1373.3;6974.8
19930;1544.7;6109
19940;2074.3;5877.5
19950;1486;6228.8
19960;1732.2;7103.7
19970;1794.2;6765.9
19980;1508.6;5674.1
19990;1705.2;6284.9
20000;1968.6;6405.5
20010;1776.1;5974.6
20020;2048;6263.4
20030;1974.5;6793.2
20040;1940.2;6214.1
20050;1934.3;6902.5
20060;1641.7;6869
20070;1995.4;7057.7
20080;2053.6;7391.1
20090;2049.5;7075.1
20100;2219.5;8103.6
20110;2197.8;7459.3
20120;2175.6;6675.4
20130;2307.2;8516.4
20140;2317;7757
20150;2292.5;7557.1
20160;2237.9;7545.2
20170;2376.6;7375.2
20180;2263.7;7284
20190;1444.7;6685.6
20200;1376.5;7878
20210;1415.1;7421.2
20220;1600;8555.2
20230;1535.3;6865.4
20240;1479.4;9088.4
20250;1477.8;8253.4
20260;1210.1;8773.1
20270;1363.4;8731
20280;1474.8;9191.2
20290;1592.3;6812.4
20300;1554.3;7365.3
20310;1524;7796.4
20320;1399.4;7226.5
20330;1415.4;8556.9
20340;1253.5;8951.7
20350;1316.6;8085.2
20360;1595.6;11261
20370;1358.7;8971
20380;1542.9;7743.1
20390;1394.5;8668.6
20400;1366.4;8747.8
20410;1410.6;9582.1
20420;1519.3;9262.9
20430;1473.9;7514.8
20440;1368.3;8491.8
20450;1046.7;7983.4
20460;1055.8;8406.5
20470;1012.7;8093.8
20480;1606.7;7723.9
20490;1581.1;8431.8
20500;1441.9;7495.9
20510;1654;8380.5
20520;1601.4;8507
20530;1642.9;8553.4
20540;1805.9;8099
20550;1905.6;7466.1
20560;1899.8;7143.2
20570;1529.9;6792.7
20580;1503.1;7771.1
20590;1529.5;6713.1
20600;1737.6;6824.4
20610;1788;7708.5
20620;1714.8;7431.9
20630;1809.6;6863
20640;1664.4;7367
20650;1694.5;7835.6
20660;1766.5;7577.9
20670;1772.3;6862
20680;1586.5;7213.9
20690;1672.3;6522.1
20700;1721.6;7013.4
20710;1511.2;7705.8
20720;1566.9;7790.9
20730;1509.6;7717.7
20740;1470.5;6711.9
20750;1472.9;6942.2
20760;1491.4;6377.8
20770;1523.2;7264.4
20780;1518;6276.9
20790;1537.7;7395.9
20800;1406.1;7682.5
20810;1416.1;6547.7
20820;1421;6077.8
20830;1434.6;5725.1
20840;1563.2;7242.3
20850;1596.5;7236.1
20860;1579.8;6869.5
20870;1487.1;5640.8
20880;1604.7;7428.8
20890;1532.7;5726
20900;1581.6;8144.7
20910;1538.9;7601.1
20920;1593.5;6741.9
20930;1546.2;8043.5
20940;1454.9;6752.4
20950;1373.3;6369.5
20960;1273.4;6300.5
20970;1376.8;8263.6
20980;1229.3;8229.2
20990;1073.8;7579.5
21000;1149.5;7890.8
21010;1330.8;6924.1
21020;1271;7111.1
21030;1326;6901.5
21040;1402.1;6913.5
21050;1162.2;7657.1
21060;1413.4;6682.6
21070;1403.6;5947.9
21080;1339;8086.9
21090;1203.8;9382
21100;1186.8;7746.4
21110;1161.7;8823.8
21120;1159.7;8276.3
21130;1161.4;9940.6
21140;1171;7478.9
21150;1238.3;7535.7
21160;1269.6;6784
21170;1425.6;7908.5
21180;1366;7586.9
21190;1392.5;8045.3
21200;1429;8109.3
21210;1350.5;7919.8
21220;1421.4;7718.5
21230;1316.8;6752.1
21240;1250.3;7341.4
21250;1235.8;7658
21260;1165.4;7891.8
21270;1172.1;7313.5
21280;1192.7;7362.9
21290;1212.8;6897.2
21300;1251.3;6464.4
21310;1192.3;6178.7
21320;1204;7491.5
21330;1245;7116.5
21340;1222.8;7239.5
21350;1291.9;7207
21360;1231.5;6878.7
21370;1259.5;8121.6
21380;1188.7;6997.5
21390;1165.1;8726.3
21400;1216.9;9285.6
21410;1130.9;6253.2
21420;1249.6;8412.6
21430;1186.9;7285.2
21440;1130.4;8013.5
21450;1231;7894.4
21460;1203.7;9404.1
21470;1180.8;8424.2
21480;1199.7;10436
21490;1059.8;8718.4
21500;1124.2;7717
21510;1110.8;8387.5
21520;1119.4;7281.2
21530;985.67;9124.3
21540;1230.8;9219.3
21550;1133.8;8050.4
21560;1285.2;7715.2
21570;1188.9;8003.1
21580;1254.5;7448.3
21590;1241.5;7989.6
21600;1236.2;8187.9
21610;1223;9239.5
21620;1242.6;8062.7
21630;1225.3;8071.7
21640;1254.2;6949.8
21650;1211.9;6540.4
21660;1227.3;5952.5
21670;1231.1;6403
21680;1212.9;5642.2
21690;1205.1;6285.2
21700;1223.5;6580
21710;1217.5;6428.4
21720;1233;6193.5
21730;1169.4;5904.4
21740;1197.3;6211.1
21750;1227.1;6119.9
21760;1178.4;6193.2
21770;1188.6;5923.2
21780;1172.7;5813.5
21790;1175.6;5744.5
21800;1141.4;5312.7
21810;1121.8;6456.6
21820;1113.3;6525.1
21830;1106.4;6408.5
21840;1043.1;4628.5
21850;1083.5;6549.6
21860;1057.9;6625.8
21870;1069.6;6840.4
21880;1038;7680.3
21890;1074.6;7144.3
21900;1173.6;5979.6
21910;1081.2;7055.3
21920;1098.8;6430.5
21930;1293.1;7046.6
21940;1197.9;7030.5
21950;1305.4;7163.7
21960;1193.1;8349.8
21970;1033.8;7166.2
21980;1178;7377.6
21990;1055.2;7228.5
22000;1251.1;6176.7
22010;1069.8;7298.5
22020;1054.3;7117.2
22030;1034.5;7049.3
22040;1125;6401.5
22050;1135.2;6302.1
22060;1147;6268.1
22070;1200.9;6209.8
22080;1162.1;7052.1
22090;1231.7;7210.2
22100;1238.8;6904.6
22110;1237.2;6750.3
22120;1269.4;6741.4
22130;1307.6;6250.2
22140;1350.4;7062
22150;1333.8;6674.8
22160;1328.1;6289.4
22170;1317.7;6897.9
22180;1267.3;6309.3
22190;1253.4;6299.1
22200;1274;6357.6
22210;1256.9;5703.4
22220;1208;5148.7
22230;1292.8;6176.9
22240;1305.5;6873.2
22250;1308.6;6975.6
22260;1234.8;6467.8
22270;1351;7437.8
22280;1182.4;6593.8
22290;1128.8;6714.5
22300;1119.2;6856.6
22310;1090.5;6512
22320;1125.2;7408.4
22330;1262.5;7513
22340;1284.4;6969.6
22350;1274.9;6619.6
22360;1290.8;8198.5
22370;1281.1;6603.6
22380;1258.9;5544.8
22390;1257.2;4658
22400;1262.4;4451.1
22410;1235.5;5560
22420;1226.6;6063.8
22430;1165.1;5836.3
22440;1162.8;5749.5
22450;1158.5;5704.6
22460;1150.7;5953.5
22470;1127.1;5919.2
22480;1129.6;5762.4
22490;1129.9;6996.4
22500;1138.8;6973.9
22510;1133.8;5637.8
22520;1153.1;6153.6
22530;1161.5;5691.3
22540;1124.8;6152.7
22550;1154.1;6259.6
22560;1114.9;5873.4
22570;1152.5;5604.3
22580;1172.3;5699.8
22590;1143.4;6398.9
22600;1149;5482.4
22610;1133.5;6057.3
22620;1168.3;6208.6
22630;1146.6;5950.9
22640;1140.2;6269.2
22650;1179.7;5437.2
22660;1125.6;6401.4
22670;1144.8;7010.9
22680;1160.7;6891.6
22690;1167.6;6453.5
22700;1171.8;6464.8
22710;1197.5;6423.5
22720;1142.7;7104.1
22730;1197.3;7061.9
22740;1183.5;7131.5
22750;1206.1;7309.1
22760;1188.6;7106.7
22770;1235.3;7030.5
22780;1256.9;6092.9
22790;1214.5;7412.8
22800;1196.3;7544.3
22810;1289.8;8229.3
22820;1275.4;7810.3
22830;1220.1;7225.1
22840;1251.3;7644.9
22850;1220.6;7191.4
22860;1194.7;7803.4
22870;1140;6208.4
22880;1150.7;6730.5
22890;1142;5909.3
22900;1155;6217.5
22910;1166.5;6722.8
22920;1199.5;6133.6
22930;1154.9;6444.4
22940;1127.5;3958
22950;1108;5788.3
22960;1119.3;5656.4
22970;1156.3;6312.7
22980;1217.9;6016.3
22990;1165.6;5226.1
23000;1175.3;6022.5
23010;1179.9;6581.4
23020;1202.4;6006.2
23030;1173.9;6130.9
23040;1132.9;5912
23050;1164.6;5949.1
23060;1108.3;6163.8
23070;1162.4;6749.9
23080;1169;5836
23090;1100.2;6431.7
23100;1170.7;6310.7
23110;1121.1;6223.2
23120;1150.3;6151.5
23130;1204.7;6573.1
23140;1168.8;6572.6
23150;1256.8;6353.9
23160;1255.5;6029.8
23170;1277.6;6675.4
23180;1263.4;6972.2
23190;1322.6;6298.7
23200;1276.3;6149
23210;1276.3;5811.9
23220;1277.5;7034.9
23230;1305.9;6096.6
23240;1233.7;6659
23250;1219.1;7286.5
23260;1213;6078.2
23270;1242.4;6597
23280;1341.1;6815.5
23290;1248.5;7182.5
23300;1199.3;7221
23310;1230.5;6291.7
23320;1244.5;5857.4
23330;1197.3;7210.7
23340;1340;6322.6
23350;1207.7;7120.4
23360;1203.8;7060.9
23370;1192.5;6771.8
23380;1241;7264.5
23390;1225.9;7069.8
23400;1196.6;7600.1
23410;1169.1;6910.4
23420;1136.1;6782.6
23430;1135.4;6991.1
23440;1176.4;7936.6
23450;1170.8;7472.8
23460;1130;7310.8
23470;1144.4;7052.6
23480;1220.3;7340.4
23490;1129.9;6952.4
23500;1158.1;7213.1
23510;1217;7428.9
23520;1274.3;7628.6
23530;1245.6;7291.6
23540;1278.8;7394.5
23550;1273;7063
23560;1280.2;7674.8
23570;1287.1;6624.1
23580;1227;6421
23590;1261.3;7048.7
23600;1273.1;5893.8
23610;1258.4;7324.2
23620;1261.1;7378.7
23630;1188.9;7493.1
23640;1215;8456.1
23650;1211;6962
23660;1192.2;6144.2
23670;1214.5;6188.2
23680;1299.3;6233.4
23690;1260.1;6764.5
23700;1238.9;6037.1
23710;1251.8;6361.6
23720;1258.4;6816.8
23730;1269.5;5876.7
23740;1294.1;6568.3
23750;1314.2;5353.6
23760;1263.1;5637.5
23770;1305.1;5898.4
23780;1230.5;5809.2
23790;1254.4;4673.6
23800;1273.3;5563.1
23810;1316.6;5484
23820;1268.6;6238
23830;1254.3;6308.1
23840;1269.4;5869.4
23850;1232.1;6125.9
23860;1230.9;6045.4
23870;1244.1;5663
23880;1262.7;5246
23890;1291.3;5091.1
23900;1317.1;5578.7
23910;1293.9;5556.9
23920;1369.1;6453.1
23930;1343.1;6168.2
23940;1382.5;5967.7
23950;1396.7;6176.7
23960;1282.6;7103
23970;1275.9;5201.8
23980;1288.1;6821.3
23990;1272.2;5978.8
24000;1079.8;6071
24010;1127.5;7130.5
24020;1179.3;6400.2
24030;1148.2;6497.2
24040;1251.5;6042
24050;1220.2;5490
24060;1281.6;4977
24070;1265.5;5563.6
24080;1340.5;7350.3
24090;1307.5;5996.2
24100;1295.3;6101.6
24110;1225.3;6565.3
24120;1219.3;6626.8
24130;1151;6405.7
24140;1238.4;6374.8
24150;1227.4;7319
24160;1219.8;6627.5
24170;1168.6;6929.3
24180;1187.5;5867.6
24190;1376;6239
24200;1439.2;6135.5
24210;1538.4;6561.7
24220;1545.2;6297.8
24230;1497.5;6121.4
24240;1453.1;6561.9
24250;1477.9;6663.5
24260;1364.2;5857.2
24270;1417.9;7286.3
24280;1483.3;7035.5
24290;1345.1;6876.4
24300;1385.5;6565.9
24310;1327.2;6322.1
24320;1400.5;6410.8
24330;1399.6;6098.3
24340;1462.6;6876.9
24350;1563.2;6453.6
24360;1577;6773.5
24370;1625.6;6630.3
24380;1315.2;6486.6
24390;1509.9;7145.4
24400;1518.2;6982.3
24410;1701.6;7011.7
24420;1747.7;6668.5
24430;1834;6424.4
24440;1956.4;6037.6
24450;1700.9;6220.5
24460;1742.9;6361.5
24470;1846.8;6643.8
24480;1878.6;6030.7
24490;1930.2;6308.8
24500;1998.6;6034.8
24510;1856.2;5812.4
24520;1798.6;5414.2
24530;1806.3;5268.6
24540;1930.7;5263.2
24550;1817.9;5566.6
24560;1528.1;5639.6
24570;1643;5315.2
24580;1647.8;5627.2
24590;1647.5;5438.2
24600;1663.9;5881.8
24610;1686.2;5613.1
24620;1778.5;5640.1
24630;1588.6;4762.8
24640;1611.2;5058.9
24650;1576.1;4904.6
24660;1611.6;5360.8
24670;1641.5;4660.4
24680;1503.4;4993.6
24690;1571.7;5039.7
24700;1624.2;5077.3
24710;1661.4;4577.7
24720;1592.9;4532
24730;1570.2;4793
24740;1619.5;5135.4
24750;1586.1;5134.8
24760;1645.3;4968.8
24770;1551.1;5298.4
24780;1569;5795.5
24790;1599.1;5011.3
24800;1625.5;5078.4
24810;1681.6;4748.8
24820;1781;4959
24830;1675.7;4717.8
24840;1735.5;4785.2
24850;1648.9;4760.1
24860;1652.2;4397.8
24870;1623.6;5014.8
24880;1653.3;4983.9
24890;1721.8;4522.7
24900;1609;4711.9
24910;1757.5;4739.9
24920;1730.5;3977.7
24930;1699.6;4276
24940;1664.8;4123.3
24950;1682.9;4372.8
24960;1712;4409.7
24970;1584.8;3864.6
24980;1573.3;4220.9
24990;1552.9;4281
25000;1478.6;3937.4
25010;1580.2;4192.3
25020;1528.6;4277.3
25030;1517.7;4338.7
25040;1571.1;3967.1
25050;1611.7;4365.9
25060;1548.8;4508
25070;1538.9;4363.4
25080;1643.5;4587.9
25090;1580.1;4783.7
25100;1577.1;4508.3
25110;1648;4761.9
25120;1660.7;4230.1
25130;1674.4;4797.8
25140;1655.5;5171.9
25150;1678.4;5056.8
25160;1651.5;4830.4
25170;1634.7;4891.2
25180;1678.2;4805.3
25190;1726.4;5451.9
25200;1724.5;5139.6
25210;1709;4779.1
25220;1701;5090
25230;1698.7;5450.8
25240;1612.6;5088.3
25250;1634.3;5259.9
25260;1633.4;5289.2
25270;1592.4;4738.4
25280;1631.3;5405.8
25290;1642.7;5049.9
25300;1696.9;4452.5
25310;1690.6;4910.4
25320;1743.1;4762.8
25330;1680.3;5163.8
25340;1663.7;4511
25350;1683.3;4441.2
25360;1721.3;4780.8
25370;1695.2;5112.7
25380;1678.9;5093.2
25390;1707.6;4632.1
25400;1598;4758.2
25410;1669.1;4938
25420;1694.6;4739.4
25430;1487.3;5228.4
25440;1434.6;4570.7
25450;1435.8;4790.9
25460;1662.6;4276.4
25470;1599.3;4586.8
25480;1610.7;4584
25490;1693.3;4562.2
25500;1625.1;5213.7
25510;1697.5;4529.7
25520;1772.1;4379.6
25530;1700.7;4223.1
25540;1753.9;4592.8
25550;1794;4583.2
25560;1888.2;4911.4
25570;1853.4;4587.7
25580;1775.6;4272.1
25590;1738.7;4677.5
25600;1632.2;4298.5
25610;1683.4;4776.4
25620;1759.4;4942.5
25630;1751.9;4738.2
25640;1707.3;4969.2
25650;1573.3;4628.2
25660;1690.2;4560.9
25670;1717.9;4957.8
25680;1723.2;4465.4
25690;1769.1;4743.3
25700;1707.7;4299.7
25710;1740.1;4688.8
25720;1733.5;4575
25730;1760.4;4184.8
25740;1771.5;4527.6
25750;1684.9;4975.7
25760;1703.6;4434.6
25770;1720.3;4660.4
25780;1704;3929.7
25790;1710;4084.9
25800;1685.8;4404.8
25810;1679.8;4670.3
25820;1670.9;4471.2
25830;1688.7;4401.7
25840;1828.4;4449
25850;1746.1;4720.3
25860;1715.7;4541.4
25870;1798;4777
25880;1789.5;4123
25890;1750.8;4160.8
25900;1768.3;4506.5
25910;1671.5;4565.6
25920;1676.3;4478
25930;1599.7;4360.6
25940;1622.5;4239.1
25950;1655.1;4424.4
25960;1683.3;4067.2
25970;1628.6;4339.2
25980;1616.2;4053.3
25990;1648.3;4314
26000;1698.3;3996
26010;1742.1;4425.1
26020;1674.5;3777.5
26030;1697;4174.3
26040;1729.3;4229
26050;1664.9;3901.1
26060;1642.2;3612.7
26070;1671;3933.9
26080;1655.6;4200.9
26090;1698.7;3926.4
26100;1655.5;3730.3
26110;1591.3;4219.7
26120;1612.9;4011.6
26130;1636.9;4097.8
26140;1745.1;4221.8
26150;1703.9;3965.9
26160;1628.2;4194.4
26170;1631.3;3987.6
26180;1559;4373.2
26190;1620.8;4220.6
26200;1572.2;4408.2
26210;1487.8;4933.5
26220;1546.9;4852.5
26230;1511.7;4773
26240;1511.5;4320.9
26250;1560.6;4041.1
26260;1491.9;4588.5
26270;1333.8;4713.6
26280;1447;4081.1
26290;1550.8;4692.5
26300;1599.7;4334.9
26310;1522.2;4624.7
26320;1591.1;4767.1
26330;1591.1;5020.2
26340;1540.6;4339.9
26350;1556.2;4567.6
26360;1460.9;4544.8
26370;1489.9;4853.8
26380;1525.5;4404.1
26390;1525.3;4569.8
26400;1554.8;4447.1
26410;1530.2;4366.4
26420;1502.9;4970.4
26430;1638.2;4503.1
26440;1679.5;4581.1
26450;1676.4;4612.3
26460;1745.5;4138.7
26470;1519;4798.5
26480;1509.7;4442
26490;1511;4155.3
26500;1489.1;4208.3
26510;1502.1;4295.1
26520;1547.8;4145.8
26530;1554.6;3905.7
26540;1531.1;4944.1
26550;1644;4192.9
26560;1585.9;4130.9
26570;1605.9;4885.1
26580;1679;4487.1
26590;1658.7;5037.4
26600;1599.2;4640.2
26610;1562.3;5012
26620;1563.4;4853.2
26630;1638.7;4222.2
26640;1649.1;4568.3
26650;1572.3;4681.9
26660;1629.1;4535.2
26670;1743.5;4324.9
26680;1736.2;4419.3
26690;1735.5;4568.4
26700;1665.9;4862.5
26710;1696.9;4834.5
26720;1762.4;4995.9
26730;1738;4721.9
26740;1716.6;4992.7
26750;1733.4;4830.1
26760;1801.3;2934.9
26770;1677.8;4993
26780;1655.8;4715.8
26790;1699.9;4803.3
26800;1703.3;5249.7
26810;1889.3;5373.2
26820;1513.6;5116.5
26830;1551.6;4583.2
26840;1430.8;4810.2
26850;1340.2;4605.4
26860;1495.6;4078
26870;1426.5;4539.9
26880;1365.9;4745.7
26890;1417.3;4890.6
26900;1511.7;4646.2
26910;1351.6;4519.6
26920;1273.2;4533.2
26930;1383.4;3946.4
26940;1363.7;3961.1
26950;1410.4;4148.1
26960;1499.8;4363.5
26970;1539.3;4477.1
26980;1438.5;4180.4
26990;1584.7;4467.5
27000;1552.7;4499
27010;1542.7;4211.5
27020;1519.4;4292.2
27030;1453.4;3997.4
27040;1475.3;3520.4
27050;1556.7;4075.7
27060;1553.1;4257.4
27070;1655.9;3513.3
27080;1590;4281.1
27090;1647.9;4051.1
27100;1771.4;4717.6
27110;1635.4;4143.8
27120;1630.2;3948.6
27130;1552.2;3905.1
27140;1641.8;4169.8
27150;1723.2;3898.1
27160;1664.7;4271.1
27170;1700.7;4433.8
27180;1566;3988.4
27190;1564.2;3984.7
27200;1589.7;3994.9
27210;1678.8;3728.9
27220;1537.4;3822
27230;1520.5;4011.5
27240;1581.3;4615.2
27250;1609;4049.4
27260;1624.7;3980
27270;1473.2;4141.8
27280;1570.7;4387.1
27290;1524.8;4121
27300;1448.5;4062
27310;1461.5;4006.1
27320;1555.8;3966.7
27330;1565.8;4051
27340;1501.8;4162.6
27350;1552.5;3479
27360;1555.7;3916.3
27370;1558.6;3845.7
27380;1462.6;3893.7
27390;1470.2;4038.5
27400;1493.1;3808.3
27410;1545.9;4027
27420;1529.5;4214.2
27430;1557.8;4417.5
27440;1597.8;3645.2
27450;1088.6;2334.8
27460;1048.5;2913
27470;1103.2;3228.2
27480;1165.8;3845.8
27490;1175;3363.6
27500;1255;3462.3
27510;1318.2;3884.1
27520;1345.2;3733.8
27530;1433;3813.7
27540;1557.5;3643.5
27550;1596.8;3678.8
27560;1532;3349.5
27570;1521.4;3589.3
27580;1533.6;3845.7
27590;1533.3;3929.9
27600;1560;3460.2
27610;1615.6;3500.5
27620;1562.2;3366.9
27630;1432.6;3685.3
27640;1582.7;4094.6
27650;1594.6;3500.8
27660;1555.6;3667.3
27670;1559;3884.3
27680;1527.5;3807.9
27690;1521.7;3543.2
27700;1634;3887.5
27710;1486.6;3726.5
27720;1523.6;3578
27730;1574.3;3648.9
27740;1529;3980
27750;1542.9;3737.9
27760;1571;3627.3
27770;1603.7;3644.9
27780;1626.8;3608.8
27790;1669.3;3605.3
27800;1629.8;4295.6
27810;1558.8;3978
27820;1698.7;3948.7
27830;1596;3874.1
27840;1534.5;4151.4
27850;1536.6;3676.4
27860;1464.8;3860.2
27870;1584.3;3665.2
27880;1561.6;3986.2
27890;1614.3;3408.7
27900;1581.9;3688.1
27910;1558.1;3501.2
27920;1610.4;3658.9
27930;1615.9;4000.7
27940;1596;4008.5
27950;1624.9;3886.4
27960;1656.6;3842.7
27970;1637.8;3371
27980;1626.2;4074.8
27990;1651;4296.7
28000;1598.2;4333.6
28010;1615.3;4447.7
28020;1646;4011.4
28030;1551.8;4256
28040;1552;3759.8
28050;1639.9;3407.4
28060;1597.9;3857.7
28070;1604.2;4041.2
28080;1616.8;4028.3
28090;1612.3;4108
28100;1630.2;3849
28110;1439.8;3769.2
28120;1601.9;4155.4
28130;1554.1;3804.7
28140;1669.4;3738.4
28150;1690.5;3750.1
28160;1675.6;4052.4
28170;1603.4;4001.3
28180;1549.3;3927.4
28190;1556.8;4095.6
28200;1556.8;4244.9
28210;1594.3;3963.8
28220;1550.7;3944
28230;1540;3998.4
28240;1585;3624
28250;1656.3;3907.1
28260;1546.6;3783
28270;1540.6;4094
28280;1544.2;3642.6
28290;1582.5;3743.8
28300;1626.8;3655.8
28310;1551.8;4002.6
28320;1466.9;3921.8
28330;1474.6;3680.6
28340;1612.4;4093.7
28350;1618.5;3776.2
28360;1660.4;3961.4
28370;1582.4;3967.5
28380;1583.8;4100.2
28390;1600.9;3664
28400;1592.9;3977.4
28410;1614.1;3592.1
28420;1514.6;3747.4
28430;1516;3751.3
28440;1453.1;3550.9
28450;1450.6;3579.8
28460;1533.5;3636.7
28470;1540.3;3439.8
28480;1540.7;3508.9
28490;1592.6;3646.8
28500;1497.7;3348.1
28510;1495.8;3815
28520;1568.7;3561.8
28530;1581.8;3184.8
28540;1558;3778.6
28550;1574.7;3539
28560;1501.7;3697.3
28570;1549;3561.1
28580;1523.1;3918.5
28590;1521.7;3444.3
28600;1528.1;3405
28610;1461.2;3779.3
28620;1421.4;4045.7
28630;1474.7;3842.4
28640;1537.2;3833.4
28650;1502.8;3993.6
28660;1581.5;3934.3
28670;1206.7;3720.7
28680;1525;4295.8
28690;1588.5;4108.8
28700;1603.1;3836.6
28710;1593;4027.6
28720;1671.8;4423.6
28730;1657.7;4012.8
28740;1658.4;3800.6
28750;1612.7;4207.6
28760;1458.7;4095.7
28770;1479.1;3585.3
28780;1475.6;4156
28790;1541.8;3819.8
28800;1562;3575
28810;1517.8;4000.3
28820;1661.5;3662.3
28830;1634.1;3410.1
28840;1666.3;3846.7
28850;1657.5;3782.7
28860;1589.5;3457.7
28870;1580.8;3466
28880;1641.7;3616.1
28890;1580.2;3555.3
28900;1545.4;3578.8
28910;1617.9;3755.8
28920;1542.7;3562.8
28930;1712.1;3669.1
28940;1692.9;3631.8
28950;1546;3392.3
28960;1585.6;3704.8
28970;1559.1;3415.4
28980;1599;3276.4
28990;1582.4;3284
29000;1611.2;3906.3
29010;1624.5;3510
29020;1603.4;3869.8
29030;1617.3;3550.2
29040;1571.8;3706.3
29050;1619.9;3360
29060;1598.3;3425.1
29070;1627.4;3392.6
29080;1646.8;3458.9
29090;1675;3428.7
29100;1612.7;3481.5
29110;1672;3603.4
29120;1684.8;3235.8
29130;1714.3;3546.9
29140;1669.3;3614.1
29150;1695.9;3621.3
29160;1640.5;3722.4
29170;1639.8;3478.7
29180;1686.4;3668.5
29190;1686.5;3366.6
29200;1708.2;3693.4
29210;1636.6;3505.1
29220;1730.9;3389.6
29230;1728.5;3741.3
29240;1768.8;3485.1
29250;1736;3923.4
29260;1700.5;3734.7
29270;1738.4;3704.8
29280;1644.3;3482.1
29290;1724.8;3603.5
29300;1627.6;3878
29310;1540.5;3723.2
29320;1564.2;4026.4
29330;1617.9;3680.7
29340;1471.8;3832.9
29350;1498.2;3832.4
29360;1478.4;3785.4
29370;1525.6;3735.8
29380;1536.1;4001.3
29390;1499;3682
29400;1467.7;3771.1
29410;1545.2;4159.6
29420;1626.6;3965.5
29430;1629.6;3709.3
29440;1579.9;4215.1
29450;1512.5;3853.8
29460;1622.1;3694.2
29470;1666.4;3712
29480;1735.5;3799.5
29490;1684.6;4082.9
29500;1658.1;3816
29510;1725.9;3819.2
29520;1703.8;3924.6
29530;1627.4;3705.5
29540;1646.4;3561.8
29550;1708.5;3569
29560;1770.7;3846
29570;1665.7;3665.7
29580;1735.6;3579.5
29590;1684.9;3533.4
29600;1762.9;3834.2
29610;1769.8;4154.5
29620;1735.9;3784.3
29630;1622.5;3854
29640;1691.1;3938.5
29650;1635.8;3902.8
29660;1647.4;3838.5
29670;1608.8;3700.4
29680;1619.4;3511.4
29690;1524.8;3402.1
29700;1553.1;3337.7
29710;1551.2;3287.2
29720;1556.9;3581.8
29730;1543.3;3759.3
29740;1563.9;3667.2
29750;1583.9;3412.7
29760;1573.5;3946
29770;1547.8;3704.6
29780;1588;3635.9
29790;1428.3;3516
29800;1478.3;3604.8
29810;1489.4;3715.5
29820;1512.3;3399.4
29830;1452;3453.6
29840;1419.7;3642.6
29850;1588.3;3814.8
29860;1506.2;3690.2
29870;1603.4;3622.5
29880;1553.3;3839.5
29890;1537.9;3443.3
29900;1554.9;3560.4
29910;1645.6;3592.3
29920;1627.5;3546.6
29930;1649.8;3627.2
29940;1620.5;3701.2
29950;1628.5;3342
29960;1575.6;3610.9
29970;1632.3;3414.2
29980;1582.8;3515
29990;1591.4;3421.9
30000;1602.8;3335.1
30010;1640.3;3531.6
30020;1766.4;3654.7
30030;1538.1;3572.2
30040;1594.7;4303.1
30050;1548;4042.5
30060;1608.3;3548.7
30070;1568.1;3867.5
30080;1618.1;4072.7
30090;1632.3;3975.2
30100;1684.9;3852.6
30110;1722.2;3812.6
30120;1759.9;3898.3
30130;1843.8;4033.6
30140;1751.3;3596.1
30150;1655.8;3732.6
30160;1765.8;4004.9
30170;1771.9;3682.8
30180;1828.4;3716.7
30190;1772.4;3783.2
30200;1917;3853
30210;1905;3312.7
30220;1846.5;3544.6
30230;1809.4;3600.6
30240;1849.7;4024.7
30250;1806.3;4253.3
30260;1825.4;4190.8
30270;1818.4;3989.9
30280;1749.3;4481.4
30290;1632.4;3872
30300;1667.9;4095.1
30310;1565.5;4006.6
30320;1524;4024.9
30330;1533.3;4337.2
30340;1552.1;4017.8
30350;1525.7;3751
30360;1501.9;3759.2
30370;1540.2;3762.5
30380;1609.7;3261
30390;1546.5;4292.8
30400;1625.2;3559.6
30410;1615.1;3731.9
30420;1606.8;3860.6
30430;1572.1;3591.7
30440;1583.1;3543.4
30450;1492.2;3258.9
30460;1472.2;3610.7
30470;1417.9;3448.9
30480;1378.9;3619.7
30490;1509.1;3663
30500;1372.6;3942.6
30510;1375.8;3471.1
30520;1407.2;3491.4
30530;1356.6;4239
30540;1385.5;3694
30550;1371.8;3862.1
30560;1363.2;3977.2
30570;1465.6;3930.7
30580;1515;4049.5
30590;1506.6;4141.8
30600;1552.5;3667.5
30610;1608.2;3902.8
30620;1551.6;3926.3
30630;1579;3963.4
30640;1533.3;3960.2
30650;1466.2;4109.9
30660;1468;4025.2
30670;1575;3801.6
30680;1572.5;3944.3
30690;1552.3;4097.1
30700;1473.6;3677
30710;1431.8;3827.4
30720;1386.2;3556.4
30730;1509.6;4067.1
30740;1597.4;4048.3
30750;1565.3;3991.1
30760;1461.7;4170.4
30770;1519.6;3749.4
30780;1454.7;3773.7
30790;1548;4102.6
30800;1490.9;4053.2
30810;1423.6;3883.8
30820;1286.8;3847
30830;1369.8;4296.4
30840;1368.4;3460.1
30850;1354.9;3787
30860;1397.8;3305.2
30870;1407.2;3470.4
30880;1396.3;3529.5
30890;1476.1;3918.4
30900;1508.7;3831.3
30910;1457.2;3487.7
30920;1450.7;3962.6
30930;1466.5;3488.4
30940;1510;3643.8
30950;1441.7;3409.4
30960;1407.9;3489
30970;1387.6;3682.5
30980;1391.5;3210.3
30990;1399;3380.4
31000;1412.2;3425.4
31010;1413;4012.7
31020;1394.1;4170
31030;1433.3;4016.2
31040;1468.3;3685.9
31050;1478.4;4286.9
31060;1422;4105.1
31070;1455.9;3813.2
31080;1523.6;3840.4
31090;1553.1;4024.6
31100;1562.7;3786.9
31110;1517.3;3910.8
31120;1539.8;4347
31130;1494.3;4040.5
31140;1638.3;4014.6
31150;1637.9;3976.2
31160;1525;3859.9
31170;1467.4;4344.4
31180;1558.5;4025
31190;1529.3;3986.4
31200;1607.3;3733.1
31210;1623.7;3970
31220;1560.3;4462.7
31230;1515.3;4347.5
31240;1582.5;4532.9
31250;1474.8;4176.9
31260;1537.6;4001.6
31270;1512.1;4177.9
31280;1478;4571.3
31290;1445.2;4136.2
31300;1496.7;4056.6
31310;1368.1;4572.7
31320;1387.6;4578.8
31330;1409.5;4633.9
31340;1501.7;4493.5
31350;1480.7;3946.7
31360;1501.1;3803
31370;1507.9;3644
31380;1452.7;4078.8
31390;1452.2;4199.3
31400;1526.4;4024
31410;1610.3;3784.8
31420;1541;3766.6
31430;1541.1;4040.5
31440;1620.6;3805.6
31450;1546.3;4071.7
31460;1513.9;4025.3
31470;1488.2;4048.7
31480;1492.9;4104.5
31490;1458.7;3934.1
31500;1459.9;3807
31510;1384.9;3853.4
31520;1257.2;4015.7
31530;1282.5;3566
31540;1286.7;4008.3
31550;1309.1;4651.1
31560;1304;4270.3
31570;1252.6;4011.4
31580;1317.6;3945.6
31590;1337.7;3634.9
31600;1281.1;3828
31610;1300.2;4069.6
31620;1304.9;3838.7
31630;1365;3645.2
31640;1355.3;3890.6
31650;1400.3;3689.6
31660;1464.9;3840.6
31670;1387;3895.7
31680;1357.6;3840.4
31690;1318.2;3650.3
31700;1342.1;4002.3
31710;1374.6;4500.8
31720;1342.5;4203.3
31730;1349.1;4271.1
31740;1343.9;4326.9
31750;1365.3;4218.2
31760;1314.6;4120.4
31770;1277.8;3897.3
31780;1324.9;4646.9
31790;1344.2;4672.5
31800;1388.9;4646.3
31810;1309.5;4238.3
31820;1315;4917.5
31830;1320.3;4451.5
31840;1353.8;4756.7
31850;1340.8;4170.6
31860;1343.7;3759.9
31870;1347.7;4510.5
31880;1324.2;4817.4
31890;1300.7;4084.2
31900;1273.6;3997.5
31910;1256.6;4104.7
31920;1285.3;4321.8
31930;1235.2;4107.8
31940;1232.7;4253.8
31950;1217.2;4110.9
31960;1219;3796.3
31970;1350.5;4143.1
31980;1271.6;4443.6
31990;1212.4;4563.7
32000;1211.8;4289.5
32010;1292.1;3941.6
32020;1239;4455.2
32030;1263.4;4353.8
32040;1229.1;4099.5
32050;1200.7;4133.8
32060;1263.2;4157.9
32070;1222.8;4393.1
32080;1224.7;4437.1
32090;1238.2;4503.4
32100;1179.9;4549.5
32110;1203.9;4621.3
32120;1192.3;4584.6
32130;1266.1;4670.4
32140;1224;4351.2
32150;1261.3;4508.9
32160;1251.9;3950.6
32170;1233.3;4497.6
32180;1257.2;4694.1
32190;1223.4;4585
32200;1262.5;4364.9
32210;1320.7;4202
32220;1280;3736.7
32230;1199.2;4185.2
32240;1215.4;4114.7
32250;1245.5;4068.1
32260;1202.4;4105.2
32270;1205.5;4369
32280;1246;4288.2
32290;1262.2;4409.9
32300;1251.8;4207.9
32310;1185.4;3835
32320;1154.3;4162
32330;1203.8;4153.1
32340;1129.7;3994.4
32350;1131.5;4263.7
32360;1199.8;4975
32370;1129.5;4070.6
32380;1073.3;4188.3
32390;1088.5;4266.1
32400;1126.6;4307.9
32410;1053.5;4829.8
32420;1094.4;5062.8
32430;1088.9;4219.2
32440;1128.5;4819.4
32450;1080.4;4845.1
32460;1090.2;4429.5
32470;1165.5;4871.7
32480;1102.9;4573.1
32490;1134.3;4791.1
32500;1061.9;4812.3
32510;1109.2;4353.7
32520;1127.4;4941.9
32530;1128.2;4786
32540;1088.2;4900.7
32550;1110.5;4945.7
32560;1142.2;4978.1
32570;1106.9;4658.4
32580;1106.8;4789.5
32590;1115.7;5060.8
32600;1124.8;5736.3
32610;1083.6;5288
32620;1104.7;4830.5
32630;1134;4869.5
32640;1142.7;4875.3
32650;1114.7;5374.2
32660;1130.6;4799.2
32670;1153.9;4470.9
32680;1169.7;4732.6
32690;1206.3;4258.2
32700;1132.4;5129.1
32710;1155.9;5321.5
32720;1186.6;4854.5
32730;1197;4722
32740;1228.1;5047.3
32750;1128;4791.4
32760;1205.6;4782.1
32770;1193.5;4861.9
32780;1144.7;4398.5
32790;1191.7;4638.5
32800;1180.4;4989.7
32810;1157.7;5254.6
32820;1133.9;4451.5
32830;1187.6;4492.6
32840;1189.5;4709.8
32850;1234;4870.5
32860;1175.6;4203.1
32870;1208.6;5046
32880;1179.8;4706.5
32890;1181.5;4458.6
32900;1187.1;5016.7
32910;1186.6;4524.4
32920;1221.3;4390.7
32930;1152.7;5046
32940;1173.3;4787.2
32950;1181.9;4311.1
32960;1261.2;4329.2
32970;1190.1;4115.7
32980;1223.7;4174.1
32990;1220.2;4314.2
33000;1207.9;4767.7
33010;1223;4690.6
33020;1259.2;5124.5
33030;1281.7;4507.8
33040;1238.6;4845
33050;1271.4;4642
33060;1314.2;5138.6
33070;1191;4929.4
33080;1242.9;4569.4
33090;1215.9;4191.3
33100;1184.1;4869.4
33110;1172.2;4408.3
33120;1165.2;4471.5
33130;1190.2;4286.2
33140;1194.1;4269.7
33150;1214.9;4719.9
33160;1222.8;4799
33170;1188;5101.9
33180;1264.8;4573.8
33190;1198.4;4835
33200;1240.2;4674.5
33210;1220.5;4304.5
33220;1261.8;4787.2
33230;1301.4;4598.6
